name,maths,science,english,dept,total,average
Alice,85.0,90.0,78,CS,253.0,84.33333333333333
Bob,0.0,80.0,75,Math,155.0,51.666666666666664
Charlie,95.0,85.0,88,CS,268.0,89.33333333333333
David,60.0,0.0,70,Math,130.0,43.333333333333336
Eve,88.0,78.0,82,CS,248.0,82.66666666666667
Frank,92.0,95.0,91,Math,278.0,92.66666666666667
Grace,45.0,50.0,55,Bio,150.0,50.0
Hannah,76.0,82.0,79,Bio,237.0,79.0
